{"trajectory": [[0.13636363636363638, 0.13636363636363638, 0.13636363636363638, 0.13636363636363638, 0.13636363636363638, 0.13636363636363638], [0.17272727272727273, 0.17272727272727273, 0.17272727272727273, 0.17272727272727273, 0.17272727272727273, 0.17272727272727273], [0.2090909090909091, 0.2090909090909091, 0.2090909090909091, 0.2090909090909091, 0.2090909090909091, 0.2090909090909091], [0.24545454545454545, 0.24545454545454545, 0.24545454545454545, 0.24545454545454545, 0.24545454545454545, 0.24545454545454545], [0.2818181818181818, 0.2818181818181818, 0.2818181818181818, 0.2818181818181818, 0.2818181818181818, 0.2818181818181818], [0.3181818181818182, 0.3181818181818182, 0.3181818181818182, 0.3181818181818182, 0.3181818181818182, 0.3181818181818182], [0.35454545454545455, 0.35454545454545455, 0.35454545454545455, 0.35454545454545455, 0.35454545454545455, 0.35454545454545455], [0.39090909090909093, 0.39090909090909093, 0.39090909090909093, 0.39090909090909093, 0.39090909090909093, 0.39090909090909093], [0.42727272727272725, 0.42727272727272725, 0.42727272727272725, 0.42727272727272725, 0.42727272727272725, 0.42727272727272725], [0.4636363636363636, 0.4636363636363636, 0.4636363636363636, 0.4636363636363636, 0.4636363636363636, 0.4636363636363636]], "joint_names": ["joint_1", "joint_2", "joint_3", "joint_4", "joint_5", "joint_6"], "loop_time": 5, "use_time": false}